{
    "intersection": [
        48,
        124,
        48,
        119,
        174,
        105,
        143,
        74,
        3,
        113,
        92,
        5,
        77,
        117,
        111,
        97,
        82,
        95,
        99,
        131,
        188,
        124,
        161,
        112,
        155,
        5,
        161,
        159
    ],
    "union": [
        7.6796875,
        6.48828125,
        7.62109375,
        6.51171875,
        7.5546875,
        8.5078125,
        8.546875,
        6.8046875,
        7.828125,
        7.99609375,
        7.2421875,
        8.04296875,
        6.7890625,
        8.15625,
        7.8515625,
        6.671875,
        8.16796875,
        7.25,
        7.5625,
        7.24609375,
        7.734375,
        7.26171875,
        7.82421875,
        8.109375,
        7.29296875,
        7.40625,
        7.08984375,
        7.42578125
    ],
    "jaccard": [
        6.250254323499491,
        19.111378687537627,
        6.298308559712968,
        18.274745050989804,
        23.03205791106515,
        12.341597796143251,
        16.73126142595978,
        10.874856486796785,
        0.38323353293413176,
        14.13190034196385,
        12.70334412081985,
        0.6216610004856726,
        11.341772151898734,
        14.344827586206897,
        14.137313432835821,
        14.53864168618267,
        10.03921568627451,
        13.10344827586207,
        13.090909090909092,
        18.078706199460918,
        24.307070707070707,
        17.075847229693384,
        20.57713429855217,
        13.811175337186897,
        21.253347616497056,
        0.6751054852320675,
        22.70853994490358,
        21.4118884797475
    ]
}