{
    "intersection": [
        93,
        123,
        146,
        200,
        119,
        150,
        115,
        123,
        93,
        145,
        99,
        99,
        201,
        119,
        200,
        145,
        111,
        59,
        200,
        200,
        115,
        200,
        59,
        119,
        119,
        6,
        119
    ],
    "union": [
        7.18359375,
        7.7421875,
        7.59375,
        7.70703125,
        7.1953125,
        7.04296875,
        7.859375,
        7.8046875,
        7.19140625,
        7.42578125,
        7.79296875,
        7.90234375,
        7.921875,
        6.90625,
        7.82421875,
        7.59765625,
        7.2109375,
        7.96484375,
        8.29296875,
        8.29296875,
        8.01953125,
        8.27734375,
        7.80078125,
        7.296875,
        6.6484375,
        8.2890625,
        7.296875
    ],
    "jaccard": [
        12.946166394779771,
        15.886982845610495,
        19.226337448559672,
        25.950329447541815,
        16.5385450597177,
        21.29783693843594,
        14.63220675944334,
        15.75975975975976,
        12.932102118413905,
        19.52656496580747,
        12.70375939849624,
        12.527928818586258,
        25.37278106508876,
        17.23076923076923,
        25.561657513729404,
        19.08483290488432,
        15.393282773564463,
        7.407552721922511,
        24.116815826660385,
        24.116815826660385,
        14.339990258158792,
        24.162340726757904,
        7.56334501752629,
        16.30835117773019,
        17.89894242068155,
        0.7238454288407163,
        16.30835117773019
    ]
}