{
    "intersection": [
        105,
        39,
        169,
        148,
        32,
        3,
        139,
        8,
        151,
        187,
        0,
        2,
        170,
        3,
        2,
        13,
        3,
        18,
        105,
        181,
        174,
        3,
        197,
        182,
        2,
        129,
        0,
        177,
        5,
        176,
        54,
        20,
        93,
        4,
        3,
        176,
        103,
        75,
        4,
        201,
        146,
        7,
        15,
        227,
        3,
        104,
        203,
        208,
        6,
        55,
        48,
        171,
        5,
        5,
        70,
        2,
        172,
        2,
        160,
        4,
        3,
        4,
        196,
        2,
        185,
        3,
        30,
        2,
        125,
        207,
        3
    ],
    "union": [
        3.19921875,
        4.1875,
        3.4296875,
        3.546875,
        4.15625,
        3.90625,
        3.46484375,
        4.2265625,
        3.65234375,
        3.2578125,
        1.15234375,
        4.48828125,
        3.17578125,
        3.3515625,
        3.97265625,
        4.55078125,
        4.09375,
        3.94140625,
        3.83203125,
        3.19921875,
        3.28125,
        4.27734375,
        3.50390625,
        2.90625,
        4.375,
        3.17578125,
        1.26171875,
        3.51171875,
        3.94921875,
        3.296875,
        3.390625,
        4.1171875,
        4.09765625,
        4.25390625,
        4.0703125,
        2.96484375,
        3.08203125,
        3.62890625,
        4.09765625,
        3.62109375,
        3.69140625,
        4.29296875,
        3.86328125,
        2.99609375,
        4.05859375,
        3.4921875,
        3.16015625,
        3.05859375,
        4.171875,
        3.6796875,
        4.21484375,
        3.7421875,
        3.69140625,
        4.3359375,
        4.2265625,
        3.6875,
        3.31640625,
        3.5,
        3.8515625,
        4.2265625,
        4.36328125,
        3.2109375,
        3.5703125,
        4.4765625,
        3.0546875,
        4.29296875,
        3.796875,
        4.10546875,
        3.7890625,
        3.47265625,
        3.63671875
    ],
    "jaccard": [
        32.82051282051282,
        9.313432835820896,
        49.275626423690206,
        41.72687224669603,
        7.6992481203007515,
        0.768,
        40.11724915445321,
        1.8927911275415896,
        41.34331550802139,
        57.40047961630695,
        0.0,
        0.4456048738033072,
        53.53013530135301,
        0.8951048951048951,
        0.5034414945919371,
        2.8566523605150214,
        0.732824427480916,
        4.566897918731417,
        27.400611620795107,
        56.576312576312574,
        53.02857142857143,
        0.7013698630136986,
        56.222965440356745,
        62.623655913978496,
        0.45714285714285713,
        40.61992619926199,
        0.0,
        50.40266963292547,
        1.2660731948565775,
        53.38388625592417,
        15.926267281105991,
        4.857685009487666,
        22.695900857959963,
        0.9403122130394858,
        0.7370441458733206,
        59.36231884057971,
        33.41951837769328,
        20.667384284176535,
        0.9761677788369876,
        55.50809061488673,
        39.55132275132275,
        1.6305732484076434,
        3.882709807886754,
        75.76531942633638,
        0.739172281039461,
        29.78076062639821,
        64.23733003708281,
        68.0051085568327,
        1.4382022471910112,
        14.94692144373673,
        11.388322520852642,
        45.69519832985386,
        1.3544973544973544,
        1.1531531531531531,
        16.56192236598891,
        0.5423728813559322,
        51.86336866902238,
        0.5714285714285714,
        41.54158215010142,
        0.9463955637707948,
        0.6875559534467324,
        1.245742092457421,
        54.89715536105033,
        0.4467713787085515,
        60.56265984654731,
        0.6988171064604186,
        7.901234567901234,
        0.4871550903901047,
        32.98969072164948,
        59.608548931383574,
        0.8249194414607949
    ]
}