{
    "intersection": [
        88,
        136,
        201,
        80,
        173,
        100,
        199,
        149,
        6,
        119,
        115,
        3,
        95,
        187,
        201,
        73,
        100,
        117,
        150,
        107,
        119,
        183,
        166,
        175,
        111,
        3,
        166,
        111
    ],
    "union": [
        8.84765625,
        7.96875,
        8.6328125,
        8.29296875,
        9.0859375,
        10.06640625,
        9.7265625,
        8.39453125,
        8.41796875,
        9.77734375,
        8.81640625,
        9.46484375,
        8.23828125,
        9.4453125,
        8.90625,
        8.1171875,
        9.86328125,
        8.40234375,
        8.44921875,
        8.3203125,
        9.609375,
        8.90625,
        9.41796875,
        8.87109375,
        8.75,
        9.0234375,
        8.62109375,
        9.1015625
    ],
    "jaccard": [
        9.946136865342163,
        17.066666666666666,
        23.283257918552035,
        9.646726330664155,
        19.040412725709373,
        9.934031819945673,
        20.459437751004018,
        17.74965100046533,
        0.7127610208816705,
        12.170994806232521,
        13.043863535666814,
        0.3169624432521667,
        11.531531531531531,
        19.798180314309345,
        22.568421052631578,
        8.993262752646777,
        10.138613861386139,
        13.92468619246862,
        17.753120665742024,
        12.860093896713614,
        12.383739837398373,
        20.54736842105263,
        17.625881377021983,
        19.726992514310876,
        12.685714285714285,
        0.33246753246753247,
        19.255097417308562,
        12.195708154506438
    ]
}