{
    "intersection": [
        151,
        146,
        270,
        114,
        109,
        3,
        235,
        8,
        213,
        270,
        0,
        2,
        214,
        3,
        2,
        6,
        4,
        18,
        127,
        93,
        3,
        15,
        243,
        239,
        291,
        209,
        0,
        251,
        5,
        239,
        83,
        195,
        197,
        4,
        3,
        202,
        6,
        105,
        13,
        276,
        147,
        7,
        6,
        177,
        3,
        94,
        263,
        265,
        283,
        129,
        284,
        28,
        20,
        5,
        262,
        3,
        237,
        2,
        234,
        3,
        4,
        16,
        154,
        233,
        145,
        248,
        144,
        2,
        3,
        221,
        3
    ],
    "union": [
        4.29296875,
        4.80859375,
        4.609375,
        4.8359375,
        5.24609375,
        5.5859375,
        4.2109375,
        4.7109375,
        4.80859375,
        4.19921875,
        1.15234375,
        5.8125,
        4.63671875,
        4.5390625,
        5.3125,
        6.1640625,
        5.515625,
        5.3046875,
        5.12109375,
        4.81640625,
        5.36328125,
        5.765625,
        4.84375,
        4.24609375,
        4.8203125,
        4.59765625,
        1.26171875,
        4.73828125,
        5.703125,
        4.51953125,
        4.5546875,
        4.578125,
        5.1953125,
        5.8828125,
        5.61328125,
        4.1796875,
        4.87890625,
        4.6171875,
        5.5078125,
        4.9140625,
        4.88671875,
        5.87109375,
        5.3515625,
        4.56640625,
        4.91015625,
        4.6171875,
        4.5390625,
        4.3359375,
        4.7734375,
        5.1328125,
        4.625,
        5.6796875,
        4.92578125,
        5.73046875,
        5.015625,
        4.4140625,
        4.12109375,
        4.84765625,
        5.2109375,
        5.5390625,
        5.7890625,
        4.515625,
        5.19140625,
        4.91796875,
        4.91796875,
        4.86328125,
        5.0,
        5.6875,
        5.640625,
        5.12109375,
        5.07421875
    ],
    "jaccard": [
        35.173794358507735,
        30.362307067424858,
        58.57627118644068,
        23.5735056542811,
        20.77736411020104,
        0.5370629370629371,
        55.80705009276438,
        1.6981757877280266,
        44.295694557270515,
        64.29767441860466,
        0.0,
        0.34408602150537637,
        46.15332771693345,
        0.6609294320137694,
        0.3764705882352941,
        0.973384030418251,
        0.7252124645892352,
        3.393225331369661,
        24.79938977879481,
        19.309002433090026,
        0.5593590677348871,
        2.6016260162601625,
        50.16774193548387,
        56.287028518859245,
        60.369529983792546,
        45.45794392523364,
        0.0,
        52.972794723825224,
        0.8767123287671232,
        52.881590319792565,
        18.222984562607206,
        42.593856655290104,
        37.918796992481205,
        0.6799468791500664,
        0.534446764091858,
        48.32897196261682,
        1.2297838270616492,
        22.741116751269036,
        2.3602836879432623,
        56.165341812400634,
        30.081534772182255,
        1.1922821024617432,
        1.121167883211679,
        38.76133447390932,
        0.6109785202863962,
        20.35871404399323,
        57.94148020654045,
        61.11711711711712,
        59.286415711947626,
        25.1324200913242,
        61.4054054054054,
        4.929848693259973,
        4.060269627279936,
        0.8725289706884799,
        52.23676012461059,
        0.679646017699115,
        57.50900473933649,
        0.4125705076551168,
        44.90554722638681,
        0.5416078984485191,
        0.6909581646423751,
        3.5432525951557095,
        29.66440933032355,
        47.377283558379666,
        29.48371723590151,
        50.99437751004016,
        28.8,
        0.3516483516483517,
        0.5318559556786704,
        43.154843630816174,
        0.5912240184757506
    ]
}