{
    "intersection": [
        80,
        121,
        140,
        64,
        134,
        178,
        119,
        174,
        80,
        140,
        155,
        110,
        205,
        43,
        196,
        140,
        134,
        140,
        197,
        196,
        119,
        196,
        140,
        134,
        7,
        5,
        80
    ],
    "union": [
        8.82421875,
        8.9609375,
        8.59765625,
        9.51171875,
        8.6015625,
        8.484375,
        9.30078125,
        8.97265625,
        8.71875,
        8.484375,
        9.1640625,
        9.1796875,
        9.5,
        8.69921875,
        9.4375,
        8.59765625,
        8.6015625,
        8.41015625,
        9.62890625,
        9.6328125,
        9.21484375,
        9.86328125,
        8.36328125,
        8.703125,
        8.6640625,
        10.08203125,
        9.1015625
    ],
    "jaccard": [
        9.065958388667552,
        13.503051438535309,
        16.283507496592456,
        6.728542094455852,
        15.578564940962762,
        20.97974217311234,
        12.79462410751785,
        19.3922507618633,
        9.175627240143369,
        16.500920810313076,
        16.91389599317988,
        11.982978723404255,
        21.57894736842105,
        4.9429726088908845,
        20.7682119205298,
        16.283507496592456,
        15.578564940962762,
        16.646539712029725,
        20.45922920892495,
        20.34712084347121,
        12.913946587537092,
        19.87168316831683,
        16.739841195702944,
        15.396768402154398,
        0.8079350766456267,
        0.4959318093762108,
        8.78969957081545
    ]
}