{
    "intersection": [
        6,
        29,
        145,
        207,
        158,
        158,
        197,
        166,
        201,
        145,
        158,
        166,
        10,
        158,
        7,
        145,
        158,
        145,
        172,
        172,
        166,
        207,
        145,
        158,
        158,
        179,
        158
    ],
    "union": [
        10.17578125,
        10.88671875,
        10.30859375,
        10.73828125,
        9.90625,
        9.84765625,
        10.26171875,
        10.8046875,
        9.4609375,
        9.9140625,
        10.4921875,
        10.41015625,
        11.4296875,
        9.28125,
        11.4453125,
        10.30859375,
        9.5703125,
        9.765625,
        11.1875,
        11.2109375,
        10.58984375,
        11.171875,
        9.70703125,
        10.0078125,
        9.359375,
        10.90625,
        10.0078125
    ],
    "jaccard": [
        0.5896353166986564,
        2.6637961966271977,
        14.065934065934066,
        19.276827937431793,
        15.949526813880126,
        16.04442681475605,
        19.197563760944043,
        15.363702096890817,
        21.245251857968622,
        14.62568951930654,
        15.058823529411764,
        15.945966228893058,
        0.8749145591250854,
        17.023569023569024,
        0.6116040955631399,
        14.065934065934066,
        16.50938775510204,
        14.848,
        15.374301675977653,
        15.342160278745645,
        15.67539653264478,
        18.52867132867133,
        14.937625754527163,
        15.787665886026542,
        16.881469115191987,
        16.412607449856733,
        15.787665886026542
    ]
}