{
    "intersection": [
        3,
        300,
        4,
        3,
        318,
        283,
        216,
        8,
        233,
        163,
        0,
        3,
        222,
        3,
        4,
        13,
        4,
        18,
        242,
        302,
        4,
        16,
        7,
        4,
        326,
        287,
        0,
        275,
        5,
        208,
        239,
        124,
        307,
        4,
        3,
        36,
        3,
        253,
        21,
        2,
        2,
        265,
        21,
        4,
        3,
        12,
        169,
        298,
        3,
        3,
        265,
        28,
        20,
        2,
        82,
        4,
        5,
        2,
        242,
        4,
        5,
        3,
        317,
        2,
        285,
        240,
        257,
        2,
        4,
        345,
        5
    ],
    "union": [
        6.90234375,
        5.70703125,
        7.234375,
        7.02734375,
        6.0078125,
        5.50390625,
        5.88671875,
        6.93359375,
        6.30859375,
        5.953125,
        1.15234375,
        7.4765625,
        5.3984375,
        5.75390625,
        6.51171875,
        7.6328125,
        7.046875,
        6.3359375,
        6.0703125,
        5.2421875,
        6.5078125,
        7.1796875,
        7.015625,
        6.36328125,
        6.375,
        5.5,
        1.26171875,
        5.875,
        6.92578125,
        5.34375,
        5.20703125,
        6.11328125,
        6.30078125,
        7.6484375,
        6.91796875,
        6.25390625,
        6.56640625,
        5.3671875,
        7.41796875,
        7.25390625,
        6.44140625,
        5.9921875,
        6.42578125,
        6.54296875,
        6.82421875,
        6.26171875,
        6.05078125,
        5.69921875,
        7.0234375,
        6.90625,
        6.37890625,
        7.53125,
        6.578125,
        7.31640625,
        7.26953125,
        5.70703125,
        6.765625,
        5.65625,
        6.38671875,
        7.11328125,
        7.10546875,
        5.94921875,
        5.953125,
        7.69140625,
        6.0,
        5.9921875,
        5.49609375,
        6.55859375,
        7.3359375,
        6.14453125,
        6.22265625
    ],
    "jaccard": [
        0.43463497453310695,
        52.56673511293634,
        0.5529157667386609,
        0.42690383546414673,
        52.93107932379714,
        51.4180269694819,
        36.692767086927674,
        1.1538028169014085,
        36.93374613003096,
        27.38057742782152,
        0.0,
        0.4012539184952978,
        41.12301013024602,
        0.5213849287169042,
        0.6142771445710857,
        1.7031729785056295,
        0.5676274944567627,
        2.8409371146732427,
        39.86615186615187,
        57.60953800298063,
        0.6146458583433373,
        2.2285092491838956,
        0.9977728285077951,
        0.6286065070595457,
        51.13725490196079,
        52.18181818181818,
        0.0,
        46.808510638297875,
        0.7219402143260011,
        38.92397660818713,
        45.89947486871718,
        20.28370607028754,
        48.72411655300682,
        0.5229826353421859,
        0.43365330321852064,
        5.756402248594628,
        0.45687091017251635,
        47.138282387190685,
        2.830963665086888,
        0.27571351642434033,
        0.31049120679199516,
        44.22425032594524,
        3.2680851063829786,
        0.6113432835820896,
        0.43961076130509447,
        1.916406737367436,
        27.930277598450612,
        52.287868403015764,
        0.4271412680756396,
        0.4343891402714932,
        41.54317207593387,
        3.7178423236514524,
        3.040380047505938,
        0.2733582487987186,
        11.279957012358947,
        0.7008898015058179,
        0.7390300230946882,
        0.35359116022099446,
        37.89113149847095,
        0.5623283909939594,
        0.7036833424958768,
        0.5042678923177938,
        53.249343832021,
        0.2600304723209751,
        47.5,
        40.05215123859192,
        46.76048329779673,
        0.3049434187016081,
        0.5452609158679447,
        56.1474888747616,
        0.8035153797865662
    ]
}