{
    "intersection": [
        50,
        136,
        169,
        158,
        173,
        109,
        158,
        134,
        20,
        155,
        167,
        152,
        146,
        193,
        143,
        97,
        190,
        59,
        150,
        161,
        141,
        164,
        166,
        107,
        167,
        130,
        166,
        167
    ],
    "union": [
        10.41796875,
        8.38671875,
        10.23828125,
        9.015625,
        10.109375,
        11.5703125,
        11.5625,
        9.73828125,
        10.2265625,
        11.09375,
        9.734375,
        9.87890625,
        9.4453125,
        10.828125,
        10.3203125,
        8.8828125,
        10.859375,
        10.2421875,
        9.5546875,
        9.73828125,
        10.84765625,
        10.09765625,
        10.70703125,
        10.828125,
        9.83984375,
        9.39453125,
        10.1640625,
        10.015625
    ],
    "jaccard": [
        4.7994000749906265,
        16.216115510013974,
        16.50667684090042,
        17.52512998266898,
        17.112828438948995,
        9.420661715057394,
        13.664864864864866,
        13.760128359406337,
        1.9556913674560734,
        13.971830985915492,
        17.15569823434992,
        15.386318703044681,
        15.457402812241522,
        17.823953823953826,
        13.856169568508706,
        10.919964819700967,
        17.496402877697843,
        5.76048817696415,
        15.699100572363042,
        16.532691536301645,
        12.99819949585884,
        16.24139264990329,
        15.503830718715797,
        9.881673881673882,
        16.971814211988885,
        13.837837837837839,
        16.33205226748655,
        16.673946957878314
    ]
}